<?xml version="1.0"?>
<Runs Version="1" Minor="0">
	<Run Id="Hexadecimal_Editor_VGA_pattern_0_0_synth_1" LaunchDir="D:/ASCII/DISPLAY/DISPLAY.runs/Hexadecimal_Editor_VGA_pattern_0_0_synth_1" FlowId="Vivado_Synthesis" FromStepId="vivado" ToStepId="vivado"/>
	<Run Id="Hexadecimal_Editor_Debounce_Switch_0_2_synth_1" LaunchDir="D:/ASCII/DISPLAY/DISPLAY.runs/Hexadecimal_Editor_Debounce_Switch_0_2_synth_1" FlowId="Vivado_Synthesis" FromStepId="vivado" ToStepId="vivado"/>
	<Run Id="Hexadecimal_Editor_Debounce_Switch_1_0_synth_1" LaunchDir="D:/ASCII/DISPLAY/DISPLAY.runs/Hexadecimal_Editor_Debounce_Switch_1_0_synth_1" FlowId="Vivado_Synthesis" FromStepId="vivado" ToStepId="vivado"/>
	<Run Id="Hexadecimal_Editor_VGA_timings_0_0_synth_1" LaunchDir="D:/ASCII/DISPLAY/DISPLAY.runs/Hexadecimal_Editor_VGA_timings_0_0_synth_1" FlowId="Vivado_Synthesis" FromStepId="vivado" ToStepId="vivado"/>
	<Run Id="Hexadecimal_Editor_clk_wiz_0_1_synth_1" LaunchDir="D:/ASCII/DISPLAY/DISPLAY.runs/Hexadecimal_Editor_clk_wiz_0_1_synth_1" FlowId="Vivado_Synthesis" FromStepId="vivado" ToStepId="vivado"/>
	<Run Id="synth_1" LaunchDir="D:/ASCII/DISPLAY/DISPLAY.runs/synth_1" FlowId="Vivado_Synthesis" FromStepId="vivado" ToStepId="vivado">
		<Parent Id="Hexadecimal_Editor_VGA_pattern_0_0_synth_1"/>
		<Parent Id="Hexadecimal_Editor_Debounce_Switch_0_2_synth_1"/>
		<Parent Id="Hexadecimal_Editor_Debounce_Switch_1_0_synth_1"/>
		<Parent Id="Hexadecimal_Editor_VGA_timings_0_0_synth_1"/>
		<Parent Id="Hexadecimal_Editor_clk_wiz_0_1_synth_1"/>
	</Run>
	<Run Id="impl_1" LaunchDir="D:/ASCII/DISPLAY/DISPLAY.runs/impl_1" FlowId="Vivado_Implementation" FromStepId="init_design" ToStepId="route_design">
		<Parent Id="synth_1"/>
		<Parent Id="Hexadecimal_Editor_VGA_pattern_0_0_synth_1"/>
		<Parent Id="Hexadecimal_Editor_Debounce_Switch_0_2_synth_1"/>
		<Parent Id="Hexadecimal_Editor_Debounce_Switch_1_0_synth_1"/>
		<Parent Id="Hexadecimal_Editor_VGA_timings_0_0_synth_1"/>
		<Parent Id="Hexadecimal_Editor_clk_wiz_0_1_synth_1"/>
	</Run>
	<Parameters>
		<Parameter Name="runs.monitorLSFJobs" Val="true" Type="bool"/>
	</Parameters>
</Runs>

