<?xml version="1.0"?>
<Runs Version="1" Minor="0">
	<Run Id="Hexadecimal_Editor_Debounce_Switch_0_1_synth_1" LaunchDir="F:/one drive/OneDrive - Higher Education Commission/Personal/DISPLAY/DISPLAY.runs/Hexadecimal_Editor_Debounce_Switch_0_1_synth_1" FlowId="Vivado_Synthesis" FromStepId="vivado" ToStepId="vivado"/>
	<Run Id="Hexadecimal_Editor_num_capture_4bit_0_0_synth_1" LaunchDir="F:/one drive/OneDrive - Higher Education Commission/Personal/DISPLAY/DISPLAY.runs/Hexadecimal_Editor_num_capture_4bit_0_0_synth_1" FlowId="Vivado_Synthesis" FromStepId="vivado" ToStepId="vivado"/>
	<Run Id="Hexadecimal_Editor_Debounce_Switch_1_0_synth_1" LaunchDir="F:/one drive/OneDrive - Higher Education Commission/Personal/DISPLAY/DISPLAY.runs/Hexadecimal_Editor_Debounce_Switch_1_0_synth_1" FlowId="Vivado_Synthesis" FromStepId="vivado" ToStepId="vivado"/>
	<Run Id="Hexadecimal_Editor_Debounce_Switch_0_2_synth_1" LaunchDir="F:/one drive/OneDrive - Higher Education Commission/Personal/DISPLAY/DISPLAY.runs/Hexadecimal_Editor_Debounce_Switch_0_2_synth_1" FlowId="Vivado_Synthesis" FromStepId="vivado" ToStepId="vivado"/>
	<Run Id="synth_1" LaunchDir="F:/one drive/OneDrive - Higher Education Commission/Personal/DISPLAY/DISPLAY.runs/synth_1" FlowId="Vivado_Synthesis" FromStepId="vivado" ToStepId="vivado">
		<Parent Id="Hexadecimal_Editor_Debounce_Switch_0_1_synth_1"/>
		<Parent Id="Hexadecimal_Editor_num_capture_4bit_0_0_synth_1"/>
		<Parent Id="Hexadecimal_Editor_Debounce_Switch_1_0_synth_1"/>
		<Parent Id="Hexadecimal_Editor_Debounce_Switch_0_2_synth_1"/>
	</Run>
	<Run Id="impl_1" LaunchDir="F:/one drive/OneDrive - Higher Education Commission/Personal/DISPLAY/DISPLAY.runs/impl_1" FlowId="Vivado_Implementation" FromStepId="init_design" ToStepId="write_bitstream">
		<Parent Id="synth_1"/>
		<Parent Id="Hexadecimal_Editor_Debounce_Switch_0_1_synth_1"/>
		<Parent Id="Hexadecimal_Editor_num_capture_4bit_0_0_synth_1"/>
		<Parent Id="Hexadecimal_Editor_Debounce_Switch_1_0_synth_1"/>
		<Parent Id="Hexadecimal_Editor_Debounce_Switch_0_2_synth_1"/>
	</Run>
	<Parameters>
		<Parameter Name="runs.monitorLSFJobs" Val="true" Type="bool"/>
	</Parameters>
</Runs>

