<?xml version="1.0" encoding="UTF-8"?>
<GenRun Id="synth_1" LaunchPart="xc7z020clg400-1" LaunchTime="1670850325">
  <File Type="PA-TCL" Name="Hexadecimal_Editor_wrapper.tcl"/>
  <File Type="RDS-PROPCONSTRS" Name="Hexadecimal_Editor_wrapper_drc_synth.rpt"/>
  <File Type="REPORTS-TCL" Name="Hexadecimal_Editor_wrapper_reports.tcl"/>
  <File Type="RDS-RDS" Name="Hexadecimal_Editor_wrapper.vds"/>
  <File Type="RDS-UTIL" Name="Hexadecimal_Editor_wrapper_utilization_synth.rpt"/>
  <File Type="RDS-UTIL-PB" Name="Hexadecimal_Editor_wrapper_utilization_synth.pb"/>
  <File Type="RDS-DCP" Name="Hexadecimal_Editor_wrapper.dcp"/>
  <File Type="VDS-TIMINGSUMMARY" Name="Hexadecimal_Editor_wrapper_timing_summary_synth.rpt"/>
  <File Type="VDS-TIMING-PB" Name="Hexadecimal_Editor_wrapper_timing_summary_synth.pb"/>
  <FileSet Name="sources" Type="DesignSrcs" RelSrcDir="$PSRCDIR/sources_1">
    <Filter Type="Srcs"/>
    <File Path="$PSRCDIR/sources_1/new/Debounce_Switch.v">
      <FileInfo>
        <Attr Name="UsedIn" Val="synthesis"/>
        <Attr Name="UsedIn" Val="implementation"/>
        <Attr Name="UsedIn" Val="simulation"/>
      </FileInfo>
    </File>
    <File Path="$PSRCDIR/sources_1/new/num_capture_4bit.v">
      <FileInfo>
        <Attr Name="UsedIn" Val="synthesis"/>
        <Attr Name="UsedIn" Val="implementation"/>
        <Attr Name="UsedIn" Val="simulation"/>
      </FileInfo>
    </File>
    <File Path="$PSRCDIR/sources_1/new/ScreenBufferMem.v">
      <FileInfo>
        <Attr Name="UsedIn" Val="synthesis"/>
        <Attr Name="UsedIn" Val="implementation"/>
        <Attr Name="UsedIn" Val="simulation"/>
      </FileInfo>
    </File>
    <File Path="$PSRCDIR/sources_1/new/VGA_timings.v">
      <FileInfo>
        <Attr Name="UsedIn" Val="synthesis"/>
        <Attr Name="UsedIn" Val="implementation"/>
        <Attr Name="UsedIn" Val="simulation"/>
      </FileInfo>
    </File>
    <File Path="$PSRCDIR/sources_1/new/AsciiCharsMem.v">
      <FileInfo>
        <Attr Name="UsedIn" Val="synthesis"/>
        <Attr Name="UsedIn" Val="implementation"/>
        <Attr Name="UsedIn" Val="simulation"/>
      </FileInfo>
    </File>
    <File Path="$PSRCDIR/sources_1/new/VGA_pattern.v">
      <FileInfo>
        <Attr Name="UsedIn" Val="synthesis"/>
        <Attr Name="UsedIn" Val="implementation"/>
        <Attr Name="UsedIn" Val="simulation"/>
      </FileInfo>
    </File>
    <File Path="$PSRCDIR/sources_1/bd/Hexadecimal_Editor/Hexadecimal_Editor.bd">
      <FileInfo>
        <Attr Name="UsedIn" Val="synthesis"/>
        <Attr Name="UsedIn" Val="implementation"/>
        <Attr Name="UsedIn" Val="simulation"/>
      </FileInfo>
    </File>
    <File Path="$PSRCDIR/sources_1/bd/Hexadecimal_Editor/hdl/Hexadecimal_Editor_wrapper.v">
      <FileInfo>
        <Attr Name="UsedIn" Val="synthesis"/>
        <Attr Name="UsedIn" Val="implementation"/>
        <Attr Name="UsedIn" Val="simulation"/>
      </FileInfo>
    </File>
    <File Path="$PSRCDIR/sources_1/new/test.v">
      <FileInfo>
        <Attr Name="AutoDisabled" Val="1"/>
        <Attr Name="UsedIn" Val="synthesis"/>
        <Attr Name="UsedIn" Val="implementation"/>
        <Attr Name="UsedIn" Val="simulation"/>
      </FileInfo>
    </File>
    <File Path="$PSRCDIR/sources_1/new/image.mem">
      <FileInfo>
        <Attr Name="UsedIn" Val="synthesis"/>
        <Attr Name="UsedIn" Val="simulation"/>
      </FileInfo>
    </File>
    <File Path="$PSRCDIR/sources_1/new/image1.mem">
      <FileInfo>
        <Attr Name="UsedIn" Val="synthesis"/>
        <Attr Name="UsedIn" Val="simulation"/>
      </FileInfo>
    </File>
    <File Path="$PSRCDIR/sources_1/new/chars.mem">
      <FileInfo>
        <Attr Name="UsedIn" Val="synthesis"/>
        <Attr Name="UsedIn" Val="simulation"/>
      </FileInfo>
    </File>
    <Config>
      <Option Name="DesignMode" Val="RTL"/>
      <Option Name="TopModule" Val="Hexadecimal_Editor_wrapper"/>
    </Config>
  </FileSet>
  <FileSet Name="constrs_in" Type="Constrs" RelSrcDir="$PSRCDIR/constrs_1">
    <Filter Type="Constrs"/>
    <File Path="$PSRCDIR/constrs_1/new/xdc.xdc">
      <FileInfo>
        <Attr Name="UsedIn" Val="synthesis"/>
        <Attr Name="UsedIn" Val="implementation"/>
      </FileInfo>
    </File>
    <Config>
      <Option Name="TargetConstrsFile" Val="$PSRCDIR/constrs_1/new/xdc.xdc"/>
      <Option Name="ConstrsType" Val="XDC"/>
    </Config>
  </FileSet>
  <FileSet Name="utils" Type="Utils" RelSrcDir="$PSRCDIR/utils_1">
    <Filter Type="Utils"/>
    <Config>
      <Option Name="TopAutoSet" Val="TRUE"/>
    </Config>
  </FileSet>
  <Strategy Version="1" Minor="2">
    <StratHandle Name="Vivado Synthesis Defaults" Flow="Vivado Synthesis 2019"/>
    <Step Id="synth_design"/>
  </Strategy>
  <BlockFileSet Type="BlockSrcs" Name="Hexadecimal_Editor_VGA_pattern_0_0"/>
  <BlockFileSet Type="BlockSrcs" Name="Hexadecimal_Editor_AsciiCharsMem_0_0"/>
  <BlockFileSet Type="BlockSrcs" Name="Hexadecimal_Editor_ScreenBufferMem_0_0"/>
  <BlockFileSet Type="BlockSrcs" Name="Hexadecimal_Editor_VGA_timings_0_0"/>
  <BlockFileSet Type="BlockSrcs" Name="Hexadecimal_Editor_clk_wiz_0_0"/>
  <BlockFileSet Type="BlockSrcs" Name="Hexadecimal_Editor_Debounce_Switch_0_1"/>
  <BlockFileSet Type="BlockSrcs" Name="Hexadecimal_Editor_Debounce_Switch_1_0"/>
  <BlockFileSet Type="BlockSrcs" Name="Hexadecimal_Editor_num_capture_4bit_0_0"/>
  <BlockFileSet Type="BlockSrcs" Name="Hexadecimal_Editor_Debounce_Switch_0_2"/>
</GenRun>
