<?xml version="1.0" encoding="UTF-8"?>
<GenRun Id="impl_1" LaunchPart="xc7z020clg400-1" LaunchTime="1670850325">
  <File Type="BITSTR-BMM" Name="Hexadecimal_Editor_wrapper_bd.bmm"/>
  <File Type="OPT-METHODOLOGY-DRC" Name="Hexadecimal_Editor_wrapper_methodology_drc_opted.rpt"/>
  <File Type="INIT-TIMING" Name="Hexadecimal_Editor_wrapper_timing_summary_init.rpt"/>
  <File Type="ROUTE-PWR" Name="Hexadecimal_Editor_wrapper_power_routed.rpt"/>
  <File Type="PA-TCL" Name="Hexadecimal_Editor_wrapper.tcl"/>
  <File Type="OPT-TIMING" Name="Hexadecimal_Editor_wrapper_timing_summary_opted.rpt"/>
  <File Type="OPT-DCP" Name="Hexadecimal_Editor_wrapper_opt.dcp"/>
  <File Type="ROUTE-PWR-SUM" Name="Hexadecimal_Editor_wrapper_power_summary_routed.pb"/>
  <File Type="REPORTS-TCL" Name="Hexadecimal_Editor_wrapper_reports.tcl"/>
  <File Type="OPT-DRC" Name="Hexadecimal_Editor_wrapper_drc_opted.rpt"/>
  <File Type="OPT-HWDEF" Name="Hexadecimal_Editor_wrapper.hwdef"/>
  <File Type="PWROPT-DCP" Name="Hexadecimal_Editor_wrapper_pwropt.dcp"/>
  <File Type="PWROPT-DRC" Name="Hexadecimal_Editor_wrapper_drc_pwropted.rpt"/>
  <File Type="PWROPT-TIMING" Name="Hexadecimal_Editor_wrapper_timing_summary_pwropted.rpt"/>
  <File Type="PLACE-DCP" Name="Hexadecimal_Editor_wrapper_placed.dcp"/>
  <File Type="PLACE-IO" Name="Hexadecimal_Editor_wrapper_io_placed.rpt"/>
  <File Type="PLACE-CLK" Name="Hexadecimal_Editor_wrapper_clock_utilization_placed.rpt"/>
  <File Type="PLACE-UTIL" Name="Hexadecimal_Editor_wrapper_utilization_placed.rpt"/>
  <File Type="PLACE-UTIL-PB" Name="Hexadecimal_Editor_wrapper_utilization_placed.pb"/>
  <File Type="PLACE-CTRL" Name="Hexadecimal_Editor_wrapper_control_sets_placed.rpt"/>
  <File Type="PLACE-SIMILARITY" Name="Hexadecimal_Editor_wrapper_incremental_reuse_placed.rpt"/>
  <File Type="PLACE-PRE-SIMILARITY" Name="Hexadecimal_Editor_wrapper_incremental_reuse_pre_placed.rpt"/>
  <File Type="PLACE-TIMING" Name="Hexadecimal_Editor_wrapper_timing_summary_placed.rpt"/>
  <File Type="POSTPLACE-PWROPT-DCP" Name="Hexadecimal_Editor_wrapper_postplace_pwropt.dcp"/>
  <File Type="BG-BIN" Name="Hexadecimal_Editor_wrapper.bin"/>
  <File Type="POSTPLACE-PWROPT-TIMING" Name="Hexadecimal_Editor_wrapper_timing_summary_postplace_pwropted.rpt"/>
  <File Type="PHYSOPT-DCP" Name="Hexadecimal_Editor_wrapper_physopt.dcp"/>
  <File Type="PHYSOPT-DRC" Name="Hexadecimal_Editor_wrapper_drc_physopted.rpt"/>
  <File Type="BITSTR-MSK" Name="Hexadecimal_Editor_wrapper.msk"/>
  <File Type="PHYSOPT-TIMING" Name="Hexadecimal_Editor_wrapper_timing_summary_physopted.rpt"/>
  <File Type="ROUTE-ERROR-DCP" Name="Hexadecimal_Editor_wrapper_routed_error.dcp"/>
  <File Type="ROUTE-DCP" Name="Hexadecimal_Editor_wrapper_routed.dcp"/>
  <File Type="ROUTE-BLACKBOX-DCP" Name="Hexadecimal_Editor_wrapper_routed_bb.dcp"/>
  <File Type="ROUTE-DRC" Name="Hexadecimal_Editor_wrapper_drc_routed.rpt"/>
  <File Type="ROUTE-DRC-PB" Name="Hexadecimal_Editor_wrapper_drc_routed.pb"/>
  <File Type="ROUTE-DRC-RPX" Name="Hexadecimal_Editor_wrapper_drc_routed.rpx"/>
  <File Type="BITSTR-MMI" Name="Hexadecimal_Editor_wrapper.mmi"/>
  <File Type="ROUTE-METHODOLOGY-DRC" Name="Hexadecimal_Editor_wrapper_methodology_drc_routed.rpt"/>
  <File Type="ROUTE-METHODOLOGY-DRC-RPX" Name="Hexadecimal_Editor_wrapper_methodology_drc_routed.rpx"/>
  <File Type="ROUTE-METHODOLOGY-DRC-PB" Name="Hexadecimal_Editor_wrapper_methodology_drc_routed.pb"/>
  <File Type="ROUTE-PWR-RPX" Name="Hexadecimal_Editor_wrapper_power_routed.rpx"/>
  <File Type="ROUTE-STATUS" Name="Hexadecimal_Editor_wrapper_route_status.rpt"/>
  <File Type="ROUTE-STATUS-PB" Name="Hexadecimal_Editor_wrapper_route_status.pb"/>
  <File Type="ROUTE-TIMINGSUMMARY" Name="Hexadecimal_Editor_wrapper_timing_summary_routed.rpt"/>
  <File Type="ROUTE-TIMING-PB" Name="Hexadecimal_Editor_wrapper_timing_summary_routed.pb"/>
  <File Type="ROUTE-TIMING-RPX" Name="Hexadecimal_Editor_wrapper_timing_summary_routed.rpx"/>
  <File Type="ROUTE-SIMILARITY" Name="Hexadecimal_Editor_wrapper_incremental_reuse_routed.rpt"/>
  <File Type="ROUTE-CLK" Name="Hexadecimal_Editor_wrapper_clock_utilization_routed.rpt"/>
  <File Type="ROUTE-BUS-SKEW" Name="Hexadecimal_Editor_wrapper_bus_skew_routed.rpt"/>
  <File Type="ROUTE-BUS-SKEW-PB" Name="Hexadecimal_Editor_wrapper_bus_skew_routed.pb"/>
  <File Type="ROUTE-BUS-SKEW-RPX" Name="Hexadecimal_Editor_wrapper_bus_skew_routed.rpx"/>
  <File Type="POSTROUTE-PHYSOPT-DCP" Name="Hexadecimal_Editor_wrapper_postroute_physopt.dcp"/>
  <File Type="POSTROUTE-PHYSOPT-BLACKBOX-DCP" Name="Hexadecimal_Editor_wrapper_postroute_physopt_bb.dcp"/>
  <File Type="POSTROUTE-PHYSOPT-TIMING" Name="Hexadecimal_Editor_wrapper_timing_summary_postroute_physopted.rpt"/>
  <File Type="POSTROUTE-PHYSOPT-TIMING-PB" Name="Hexadecimal_Editor_wrapper_timing_summary_postroute_physopted.pb"/>
  <File Type="POSTROUTE-PHYSOPT-TIMING-RPX" Name="Hexadecimal_Editor_wrapper_timing_summary_postroute_physopted.rpx"/>
  <File Type="POSTROUTE-PHYSOPT-BUS-SKEW" Name="Hexadecimal_Editor_wrapper_bus_skew_postroute_physopted.rpt"/>
  <File Type="POSTROUTE-PHYSOPT-BUS-SKEW-PB" Name="Hexadecimal_Editor_wrapper_bus_skew_postroute_physopted.pb"/>
  <File Type="BG-BIT" Name="Hexadecimal_Editor_wrapper.bit"/>
  <File Type="POSTROUTE-PHYSOPT-BUS-SKEW-RPX" Name="Hexadecimal_Editor_wrapper_bus_skew_postroute_physopted.rpx"/>
  <File Type="BITSTR-RBT" Name="Hexadecimal_Editor_wrapper.rbt"/>
  <File Type="BITSTR-NKY" Name="Hexadecimal_Editor_wrapper.nky"/>
  <File Type="PDI-FILE" Name="Hexadecimal_Editor_wrapper.pdi"/>
  <File Type="RCFI_FILE" Name="Hexadecimal_Editor_wrapper.rcfi"/>
  <File Type="CFI_FILE" Name="Hexadecimal_Editor_wrapper.cfi"/>
  <File Type="RNPI_FILE" Name="Hexadecimal_Editor_wrapper.rnpi"/>
  <File Type="NPI_FILE" Name="Hexadecimal_Editor_wrapper.npi"/>
  <File Type="RBD_FILE" Name="Hexadecimal_Editor_wrapper.rbd"/>
  <File Type="BITSTR-LTX" Name="debug_nets.ltx"/>
  <File Type="BITSTR-LTX" Name="Hexadecimal_Editor_wrapper.ltx"/>
  <File Type="BITSTR-SYSDEF" Name="Hexadecimal_Editor_wrapper.sysdef"/>
  <File Type="BG-BGN" Name="Hexadecimal_Editor_wrapper.bgn"/>
  <File Type="BG-DRC" Name="Hexadecimal_Editor_wrapper.drc"/>
  <File Type="RDI-RDI" Name="Hexadecimal_Editor_wrapper.vdi"/>
  <File Type="WBT-USG" Name="usage_statistics_webtalk.html"/>
  <FileSet Name="sources" Type="DesignSrcs" RelSrcDir="$PSRCDIR/sources_1">
    <Filter Type="Srcs"/>
    <File Path="$PSRCDIR/sources_1/new/Debounce_Switch.v">
      <FileInfo>
        <Attr Name="UsedIn" Val="synthesis"/>
        <Attr Name="UsedIn" Val="implementation"/>
        <Attr Name="UsedIn" Val="simulation"/>
      </FileInfo>
    </File>
    <File Path="$PSRCDIR/sources_1/new/num_capture_4bit.v">
      <FileInfo>
        <Attr Name="UsedIn" Val="synthesis"/>
        <Attr Name="UsedIn" Val="implementation"/>
        <Attr Name="UsedIn" Val="simulation"/>
      </FileInfo>
    </File>
    <File Path="$PSRCDIR/sources_1/new/ScreenBufferMem.v">
      <FileInfo>
        <Attr Name="UsedIn" Val="synthesis"/>
        <Attr Name="UsedIn" Val="implementation"/>
        <Attr Name="UsedIn" Val="simulation"/>
      </FileInfo>
    </File>
    <File Path="$PSRCDIR/sources_1/new/VGA_timings.v">
      <FileInfo>
        <Attr Name="UsedIn" Val="synthesis"/>
        <Attr Name="UsedIn" Val="implementation"/>
        <Attr Name="UsedIn" Val="simulation"/>
      </FileInfo>
    </File>
    <File Path="$PSRCDIR/sources_1/new/AsciiCharsMem.v">
      <FileInfo>
        <Attr Name="UsedIn" Val="synthesis"/>
        <Attr Name="UsedIn" Val="implementation"/>
        <Attr Name="UsedIn" Val="simulation"/>
      </FileInfo>
    </File>
    <File Path="$PSRCDIR/sources_1/new/VGA_pattern.v">
      <FileInfo>
        <Attr Name="UsedIn" Val="synthesis"/>
        <Attr Name="UsedIn" Val="implementation"/>
        <Attr Name="UsedIn" Val="simulation"/>
      </FileInfo>
    </File>
    <File Path="$PSRCDIR/sources_1/bd/Hexadecimal_Editor/Hexadecimal_Editor.bd">
      <FileInfo>
        <Attr Name="UsedIn" Val="synthesis"/>
        <Attr Name="UsedIn" Val="implementation"/>
        <Attr Name="UsedIn" Val="simulation"/>
      </FileInfo>
    </File>
    <File Path="$PSRCDIR/sources_1/bd/Hexadecimal_Editor/hdl/Hexadecimal_Editor_wrapper.v">
      <FileInfo>
        <Attr Name="UsedIn" Val="synthesis"/>
        <Attr Name="UsedIn" Val="implementation"/>
        <Attr Name="UsedIn" Val="simulation"/>
      </FileInfo>
    </File>
    <File Path="$PSRCDIR/sources_1/new/test.v">
      <FileInfo>
        <Attr Name="AutoDisabled" Val="1"/>
        <Attr Name="UsedIn" Val="synthesis"/>
        <Attr Name="UsedIn" Val="implementation"/>
        <Attr Name="UsedIn" Val="simulation"/>
      </FileInfo>
    </File>
    <File Path="$PSRCDIR/sources_1/new/image.mem">
      <FileInfo>
        <Attr Name="UsedIn" Val="synthesis"/>
        <Attr Name="UsedIn" Val="simulation"/>
      </FileInfo>
    </File>
    <File Path="$PSRCDIR/sources_1/new/image1.mem">
      <FileInfo>
        <Attr Name="UsedIn" Val="synthesis"/>
        <Attr Name="UsedIn" Val="simulation"/>
      </FileInfo>
    </File>
    <File Path="$PSRCDIR/sources_1/new/chars.mem">
      <FileInfo>
        <Attr Name="UsedIn" Val="synthesis"/>
        <Attr Name="UsedIn" Val="simulation"/>
      </FileInfo>
    </File>
    <Config>
      <Option Name="DesignMode" Val="RTL"/>
      <Option Name="TopModule" Val="Hexadecimal_Editor_wrapper"/>
    </Config>
  </FileSet>
  <FileSet Name="constrs_in" Type="Constrs" RelSrcDir="$PSRCDIR/constrs_1">
    <Filter Type="Constrs"/>
    <File Path="$PSRCDIR/constrs_1/new/xdc.xdc">
      <FileInfo>
        <Attr Name="UsedIn" Val="synthesis"/>
        <Attr Name="UsedIn" Val="implementation"/>
      </FileInfo>
    </File>
    <Config>
      <Option Name="TargetConstrsFile" Val="$PSRCDIR/constrs_1/new/xdc.xdc"/>
      <Option Name="ConstrsType" Val="XDC"/>
    </Config>
  </FileSet>
  <FileSet Name="utils" Type="Utils" RelSrcDir="$PSRCDIR/utils_1">
    <Filter Type="Utils"/>
    <Config>
      <Option Name="TopAutoSet" Val="TRUE"/>
    </Config>
  </FileSet>
  <Strategy Version="1" Minor="2">
    <StratHandle Name="Vivado Implementation Defaults" Flow="Vivado Implementation 2019"/>
    <Step Id="init_design"/>
    <Step Id="opt_design"/>
    <Step Id="power_opt_design"/>
    <Step Id="place_design"/>
    <Step Id="post_place_power_opt_design"/>
    <Step Id="phys_opt_design"/>
    <Step Id="route_design"/>
    <Step Id="post_route_phys_opt_design"/>
    <Step Id="write_bitstream"/>
  </Strategy>
  <BlockFileSet Type="BlockSrcs" Name="Hexadecimal_Editor_VGA_pattern_0_0"/>
  <BlockFileSet Type="BlockSrcs" Name="Hexadecimal_Editor_AsciiCharsMem_0_0"/>
  <BlockFileSet Type="BlockSrcs" Name="Hexadecimal_Editor_ScreenBufferMem_0_0"/>
  <BlockFileSet Type="BlockSrcs" Name="Hexadecimal_Editor_VGA_timings_0_0"/>
  <BlockFileSet Type="BlockSrcs" Name="Hexadecimal_Editor_clk_wiz_0_0"/>
  <BlockFileSet Type="BlockSrcs" Name="Hexadecimal_Editor_Debounce_Switch_0_1"/>
  <BlockFileSet Type="BlockSrcs" Name="Hexadecimal_Editor_Debounce_Switch_1_0"/>
  <BlockFileSet Type="BlockSrcs" Name="Hexadecimal_Editor_num_capture_4bit_0_0"/>
  <BlockFileSet Type="BlockSrcs" Name="Hexadecimal_Editor_Debounce_Switch_0_2"/>
</GenRun>
